<?xml version="1.0" encoding="UTF-8"?>
<launch4jConfig>
  <dontWrapJar>false</dontWrapJar>
  <headerType>gui</headerType>
  <jar>C:\Users\yunus\Desktop\OPCTurkeyKepServerEXJavaAPIclient1.2\KepServerExDesktopClient-1.0-SNAPSHOT-jar-with-dependencies.jar</jar>
  <outfile>C:\Users\yunus\Desktop\OPCTurkeyKepServerEXJavaAPIclient1.2\KepServer-API-Client-1_2.exe</outfile>
  <errTitle></errTitle>
  <cmdLine></cmdLine>
  <chdir>.</chdir>
  <priority>normal</priority>
  <downloadUrl>http://java.com/download</downloadUrl>
  <supportUrl></supportUrl>
  <stayAlive>false</stayAlive>
  <restartOnCrash>true</restartOnCrash>
  <manifest></manifest>
  <icon>C:\Users\yunus\Desktop\OPCTurkeyKepServerEXJavaAPIclient1.2\icon.ico</icon>
  <jre>
    <path></path>
    <bundledJre64Bit>false</bundledJre64Bit>
    <bundledJreAsFallback>false</bundledJreAsFallback>
    <minVersion>1.8.0</minVersion>
    <maxVersion></maxVersion>
    <jdkPreference>preferJre</jdkPreference>
    <runtimeBits>64/32</runtimeBits>
  </jre>
  <splash>
    <file>C:\Users\yunus\Desktop\OPCTurkeyKepServerEXJavaAPIclient1.2\opc-asp-logo.bmp</file>
    <waitForWindow>true</waitForWindow>
    <timeout>60</timeout>
    <timeoutErr>true</timeoutErr>
  </splash>
  <versionInfo>
    <fileVersion>1.2.0.0</fileVersion>
    <txtFileVersion>1.2.0.0</txtFileVersion>
    <fileDescription>OPCTurkey KepServerEX API Client for Desktop</fileDescription>
    <copyright>ASP OTOMASYON A.S. 2022</copyright>
    <productVersion>1.2.0.0</productVersion>
    <txtProductVersion>1.2.0.0</txtProductVersion>
    <productName>OPCTurkey KepServerEX API Client for Desktop</productName>
    <companyName>ASP OTOMASYON A.S. 2022</companyName>
    <internalName>API Client</internalName>
    <originalFilename>OPCTurkeys-KepServerEX-API-Client.exe</originalFilename>
    <trademarks>ASP OTOMASYON A.S.</trademarks>
    <language>ENGLISH_US</language>
  </versionInfo>
</launch4jConfig>